{"0": {"event_id": 0, "out_len": 409, "out_len_expected": 1024, "in_len": 476, "sampled_in_num": 472, "sampled_out_len": 1024, "first_chunk_time": 0.03289915807545185, "total_chunk_time": 0.03317285515367985, "record_time": 13990065.486841217, "GPU_used_mem_percent": 0.9156494140625, "GPU_used_mem": 22503, "GPU_utilization": 0, "GPU_temperature": 35}, "4": {"event_id": 4, "out_len": 122, "out_len_expected": 1024, "in_len": 182, "sampled_in_num": 185, "sampled_out_len": 1024, "first_chunk_time": 0.047991348430514336, "total_chunk_time": 0.0498767364770174, "record_time": 13990065.713599987, "GPU_used_mem_percent": 0.9156494140625, "GPU_used_mem": 22503, "GPU_utilization": 67, "GPU_temperature": 40}, "10": {"event_id": 10, "out_len": 1517, "out_len_expected": 1024, "in_len": 536, "sampled_in_num": 549, "sampled_out_len": 1024, "first_chunk_time": 0.03898569568991661, "total_chunk_time": 0.047829777002334595, "record_time": 13990066.056973696, "GPU_used_mem_percent": 0.9156494140625, "GPU_used_mem": 22503, "GPU_utilization": 66, "GPU_temperature": 44}, "11": {"event_id": 11, "out_len": 122, "out_len_expected": 1024, "in_len": 182, "sampled_in_num": 172, "sampled_out_len": 1024, "first_chunk_time": 0.03267732076346874, "total_chunk_time": 0.034072671085596085, "record_time": 13990066.120550465, "GPU_used_mem_percent": 0.9156494140625, "GPU_used_mem": 22503, "GPU_utilization": 65, "GPU_temperature": 45}, "17": {"event_id": 17, "out_len": 1562, "out_len_expected": 1024, "in_len": 511, "sampled_in_num": 509, "sampled_out_len": 1024, "first_chunk_time": 0.04580312222242355, "total_chunk_time": 0.05626044236123562, "record_time": 13990066.47893203, "GPU_used_mem_percent": 0.9156494140625, "GPU_used_mem": 22503, "GPU_utilization": 58, "GPU_temperature": 46}, "5": {"event_id": 5, "out_len": 2479, "out_len_expected": 1024, "in_len": 581, "sampled_in_num": 586, "sampled_out_len": 1024, "first_chunk_time": 0.052408983930945396, "total_chunk_time": 0.8434962593019009, "record_time": 13990066.525059495, "GPU_used_mem_percent": 0.9156494140625, "GPU_used_mem": 22503, "GPU_utilization": 67, "GPU_temperature": 40}, "19": {"event_id": 19, "out_len": 524, "out_len_expected": 1024, "in_len": 726, "sampled_in_num": 733, "sampled_out_len": 1024, "first_chunk_time": 0.035207491368055344, "total_chunk_time": 0.18178696371614933, "record_time": 13990066.702806203, "GPU_used_mem_percent": 0.9156494140625, "GPU_used_mem": 22503, "GPU_utilization": 60, "GPU_temperature": 47}, "29": {"event_id": 29, "out_len": 2009, "out_len_expected": 1024, "in_len": 505, "sampled_in_num": 507, "sampled_out_len": 1024, "first_chunk_time": 0.04090631194412708, "total_chunk_time": 0.043461183086037636, "record_time": 13990067.785145916, "GPU_used_mem_percent": 0.9156494140625, "GPU_used_mem": 22503, "GPU_utilization": 54, "GPU_temperature": 46}, "9": {"event_id": 9, "out_len": 1075, "out_len_expected": 1024, "in_len": 89, "sampled_in_num": 89, "sampled_out_len": 1024, "first_chunk_time": 0.033112658187747, "total_chunk_time": 2.2695762924849987, "record_time": 13990068.253735952, "GPU_used_mem_percent": 0.9156494140625, "GPU_used_mem": 22503, "GPU_utilization": 66, "GPU_temperature": 44}, "23": {"event_id": 23, "out_len": 648, "out_len_expected": 1024, "in_len": 601, "sampled_in_num": 601, "sampled_out_len": 1024, "first_chunk_time": 0.1134218517690897, "total_chunk_time": 2.467609791085124, "record_time": 13990069.36548112, "GPU_used_mem_percent": 0.9156494140625, "GPU_used_mem": 22503, "GPU_utilization": 24, "GPU_temperature": 43}, "18": {"event_id": 18, "out_len": 2974, "out_len_expected": 1024, "in_len": 370, "sampled_in_num": 387, "sampled_out_len": 1024, "first_chunk_time": 0.03851069137454033, "total_chunk_time": 3.463598072528839, "record_time": 13990069.9401245, "GPU_used_mem_percent": 0.9156494140625, "GPU_used_mem": 22503, "GPU_utilization": 60, "GPU_temperature": 46}, "48": {"event_id": 48, "out_len": 108, "out_len_expected": 1024, "in_len": 128, "sampled_in_num": 127, "sampled_out_len": 1024, "first_chunk_time": 0.0526390764862299, "total_chunk_time": 0.05679064430296421, "record_time": 13990072.50368304, "GPU_used_mem_percent": 0.9156494140625, "GPU_used_mem": 22503, "GPU_utilization": 36, "GPU_temperature": 48}, "8": {"event_id": 8, "out_len": 6997, "out_len_expected": 1024, "in_len": 1015, "sampled_in_num": 1023, "sampled_out_len": 1024, "first_chunk_time": 0.04348779655992985, "total_chunk_time": 7.212683333083987, "record_time": 13990073.072017882, "GPU_used_mem_percent": 0.9156494140625, "GPU_used_mem": 22503, "GPU_utilization": 66, "GPU_temperature": 43}, "1": {"event_id": 1, "out_len": 7491, "out_len_expected": 1024, "in_len": 1015, "sampled_in_num": 1023, "sampled_out_len": 1024, "first_chunk_time": 0.04099797643721104, "total_chunk_time": 8.120950404554605, "record_time": 13990073.615147645, "GPU_used_mem_percent": 0.9156494140625, "GPU_used_mem": 22503, "GPU_utilization": 0, "GPU_temperature": 37}, "24": {"event_id": 24, "out_len": 6637, "out_len_expected": 1024, "in_len": 1015, "sampled_in_num": 1023, "sampled_out_len": 1024, "first_chunk_time": 0.052742987871170044, "total_chunk_time": 6.612100504338741, "record_time": 13990073.672166519, "GPU_used_mem_percent": 0.9156494140625, "GPU_used_mem": 22503, "GPU_utilization": 24, "GPU_temperature": 44}, "21": {"event_id": 21, "out_len": 7399, "out_len_expected": 1024, "in_len": 1015, "sampled_in_num": 1023, "sampled_out_len": 1024, "first_chunk_time": 0.04710894636809826, "total_chunk_time": 8.512227080762386, "record_time": 13990075.089809429, "GPU_used_mem_percent": 0.9156494140625, "GPU_used_mem": 22503, "GPU_utilization": 60, "GPU_temperature": 46}, "25": {"event_id": 25, "out_len": 7237, "out_len_expected": 1024, "in_len": 1015, "sampled_in_num": 1023, "sampled_out_len": 1024, "first_chunk_time": 0.052149444818496704, "total_chunk_time": 8.226522080600262, "record_time": 13990075.455312908, "GPU_used_mem_percent": 0.9156494140625, "GPU_used_mem": 22503, "GPU_utilization": 24, "GPU_temperature": 46}, "49": {"event_id": 49, "out_len": 3542, "out_len_expected": 1024, "in_len": 660, "sampled_in_num": 665, "sampled_out_len": 1024, "first_chunk_time": 0.060412392020225525, "total_chunk_time": 3.5491691287606955, "record_time": 13990076.440803291, "GPU_used_mem_percent": 0.9156494140625, "GPU_used_mem": 22503, "GPU_utilization": 39, "GPU_temperature": 48}, "32": {"event_id": 32, "out_len": 7237, "out_len_expected": 1024, "in_len": 1015, "sampled_in_num": 1023, "sampled_out_len": 1024, "first_chunk_time": 0.1169870849698782, "total_chunk_time": 8.529619980603456, "record_time": 13990076.586624712, "GPU_used_mem_percent": 0.9156494140625, "GPU_used_mem": 22503, "GPU_utilization": 51, "GPU_temperature": 47}, "34": {"event_id": 34, "out_len": 7258, "out_len_expected": 1024, "in_len": 1015, "sampled_in_num": 1023, "sampled_out_len": 1024, "first_chunk_time": 0.06542317569255829, "total_chunk_time": 8.46794225089252, "record_time": 13990076.74314318, "GPU_used_mem_percent": 0.9156494140625, "GPU_used_mem": 22503, "GPU_utilization": 67, "GPU_temperature": 48}, "35": {"event_id": 35, "out_len": 7299, "out_len_expected": 1024, "in_len": 1015, "sampled_in_num": 1023, "sampled_out_len": 1024, "first_chunk_time": 0.05678407847881317, "total_chunk_time": 8.454684821888804, "record_time": 13990076.912660375, "GPU_used_mem_percent": 0.9156494140625, "GPU_used_mem": 22503, "GPU_utilization": 52, "GPU_temperature": 48}, "37": {"event_id": 37, "out_len": 7259, "out_len_expected": 1024, "in_len": 1015, "sampled_in_num": 1023, "sampled_out_len": 1024, "first_chunk_time": 0.06560027413070202, "total_chunk_time": 8.437726318836212, "record_time": 13990077.118574362, "GPU_used_mem_percent": 0.9156494140625, "GPU_used_mem": 22503, "GPU_utilization": 52, "GPU_temperature": 47}, "2": {"event_id": 2, "out_len": 5884, "out_len_expected": 1024, "in_len": 427, "sampled_in_num": 417, "sampled_out_len": 1024, "first_chunk_time": 0.03408876992762089,